{"cameraMode":{"drawMode":0,"name":"Shaded","section":"Shading Mode"},"sceneLighting":true,"audioPlay":false,"sceneViewState":{"showFog":true,"showMaterialUpdate":false,"showSkybox":true,"showFlares":true,"showImageEffects":true,"showParticleSystems":true},"in2DMode":false,"pivot":{"x":-51.60639953613281,"y":3.4179649353027345,"z":21.96747398376465},"rotation":{"x":0.06528694182634354,"y":0.04576076939702034,"z":-0.0029770336113870146,"w":0.9968603253364563},"size":29.2070255279541,"orthographic":false}